01/02/2016 10:00,112
21/12/2015 10:00,118
18/04/2016 10:00,132
25/04/2016 10:00,129
02/05/2016 10:00,121
09/05/2016 10:00,135
07/03/2016 10:00,148
14/03/2016 10:00,148
21/03/2016 10:00,136
28/03/2016 10:00,119
08/02/2016 10:00,104
15/02/2016 10:00,118
22/02/2016 10:00,115
29/02/2016 10:00,126
16/05/2016 10:00,141
25/01/2016 10:00,135
23/05/2016 10:00,125
30/05/2016 10:00,149
06/06/2016 10:00,170
13/06/2016 10:00,170
20/06/2016 10:00,158
27/06/2016 10:00,133
04/07/2016 10:00,114
11/07/2016 10:00,140
18/07/2016 10:00,145
25/07/2016 10:00,150
01/08/2016 10:00,178
08/08/2016 10:00,163
15/08/2016 10:00,172
22/08/2016 10:00,178
12/09/2016 10:00,199
12/04/2016 10:30,199
02/02/2016 10:30,184
22/12/2015 10:30,162
19/04/2016 10:30,146
26/04/2016 10:30,166
03/05/2016 10:30,171
10/05/2016 10:30,180
08/03/2016 10:30,193
15/03/2016 10:30,181
22/03/2016 10:30,183
29/03/2016 10:30,218
02/02/2016 10:30,230
09/02/2016 10:30,242
16/02/2016 10:30,209
23/02/2016 10:30,191
17/05/2016 10:30,172
26/01/2016 10:30,194
24/05/2016 10:30,196
31/05/2016 10:30,196
07/06/2016 10:30,236
14/06/2016 10:30,235
21/06/2016 10:30,229
28/06/2016 10:30,243
05/07/2016 10:30,264
12/07/2016 10:30,272
19/07/2016 10:30,237
26/07/2016 10:30,211
02/08/2016 10:30,180
09/08/2016 10:30,201
16/08/2016 10:30,204
23/08/2016 10:30,188
30/08/2016 10:30,235
06/09/2016 10:30,227
13/09/2016 10:30,234
13/04/2016 19:00,264
03/02/2016 19:00,302
16/12/2015 19:00,293
20/04/2016 19:00,259
27/04/2016 19:00,229
02/03/2016 19:00,203
04/05/2016 19:00,229
11/05/2016 19:00,242
09/03/2016 19:00,233
16/03/2016 19:00,267
17/12/2015 19:30,269
14/04/2016 19:30,270
21/04/2016 19:30,315
28/04/2016 19:30,364
03/03/2016 19:30,347
05/05/2016 19:30,312
12/05/2016 19:30,274
10/03/2016 19:30,237
17/03/2016 19:30,278
24/03/2016 19:30,284
18/12/2015 20:00,277
15/04/2016 20:00,317
22/04/2016 20:00,313
29/04/2016 20:00,318
12/02/2016 20:00,374
04/03/2016 20:00,413
06/05/2016 20:00,405
13/05/2016 20:00,355
11/03/2016 20:00,306
18/03/2016 20:00,271
25/03/2016 20:00,306
05/02/2016 20:00,315
12/02/2016 20:00,301
19/02/2016 20:00,356
26/02/2016 20:00,348
26/02/2016 20:00,355
26/02/2016 20:00,422
26/02/2016 20:00,465
26/02/2016 20:00,467
26/02/2016 20:00,404
26/02/2016 20:00,347
26/02/2016 20:00,305
26/02/2016 20:00,336
26/02/2016 20:00,340
26/02/2016 20:00,318
26/02/2016 20:00,362
26/02/2016 20:00,348
26/02/2016 20:00,363
26/02/2016 20:00,435
26/02/2016 20:00,491
26/02/2016 20:00,505
26/02/2016 20:00,404
26/02/2016 20:00,359
26/02/2016 20:00,310
26/02/2016 20:00,337
26/02/2016 20:00,360
26/02/2016 20:00,342
26/02/2016 20:00,406
26/02/2016 20:00,396
26/02/2016 20:00,420
26/02/2016 20:00,472
26/02/2016 20:00,548
26/02/2016 20:00,559
26/02/2016 20:00,463
26/02/2016 20:00,407
26/02/2016 20:00,362
26/02/2016 20:00,405
26/02/2016 20:00,417
26/02/2016 20:00,391
26/02/2016 20:00,419
26/02/2016 20:00,461
26/02/2016 20:00,472
26/02/2016 20:00,535
26/02/2016 20:00,622
26/02/2016 20:00,606
26/02/2016 20:00,508
26/02/2016 20:00,461
26/02/2016 20:00,390
26/02/2016 20:00,432